trial_id,model,training_mode,data_mode,fixed_horizon,prediction_horizon,stocks,n_stocks,target_source,variable_source,arg_data,arg_target,arg_variables,arg_type,arg_historical_lookup,arg_horizon,arg_latent_size,arg_n_qubits,arg_quantum_layers,arg_hidden_size,arg_epochs,arg_batch_size,arg_learning_rate,arg_train_ratio,arg_training_mode,arg_data_mode,arg_stock_embedding_dim,arg_variety_k,arg_recon_loss_weight,arg_seed,arg_device,arg_lag,arg_n_samples,arg_shots,record_type,epoch,metric_scope,metric_name,metric_value
b1975_00016,QGanModel,stock_id,univariate,30,15,"[""coalindia"", ""tcs"", ""hindalco"", ""jswsteel""]",4,data/<stock>_l10y.npy,target itself,target_dict,target_dict,variables_dict,QC,30,30,8,6,2,32,50,32,0.0024064571064767726,0.8,stock_id,univariate,8,10,0.29659477276959106,42,,0,100,,error,,error,RuntimeError,"mat1 and mat2 must have the same dtype, but got Double and Float | r_forecasting/models/gan.py"", line 1031, in forward
    return self.decoder(qout)
           ^^^^^^^^^^^^^^^^^^
  File ""/home/ton618wsl/qwhether_forecasting/.venv/lib/python3.12/site-packages/torch/nn/modules/module.py"", line 1783, in _wrapped_call_impl
    return self._call_impl(*args, **kwargs)
           ^^^^^^^^^^^^^^^^^^^^^^^^^^^^^^^^
  File ""/home/ton618wsl/qwhether_forecasting/.venv/lib/python3.12/site-packages/torch/nn/modules/module.py"", line 1794, in _call_impl
    return forward_call(*args, **kwargs)
           ^^^^^^^^^^^^^^^^^^^^^^^^^^^^^
  File ""/home/ton618wsl/qwhether_forecasting/.venv/lib/python3.12/site-packages/torch/nn/modules/container.py"", line 259, in forward
    input = module(input)
            ^^^^^^^^^^^^^
  File ""/home/ton618wsl/qwhether_forecasting/.venv/lib/python3.12/site-packages/torch/nn/modules/module.py"", line 1783, in _wrapped_call_impl
    return self._call_impl(*args, **kwargs)
           ^^^^^^^^^^^^^^^^^^^^^^^^^^^^^^^^
  File ""/home/ton618wsl/qwhether_forecasting/.venv/lib/python3.12/site-packages/torch/nn/modules/module.py"", line 1794, in _call_impl
    return forward_call(*args, **kwargs)
           ^^^^^^^^^^^^^^^^^^^^^^^^^^^^^
  File ""/home/ton618wsl/qwhether_forecasting/.venv/lib/python3.12/site-packages/torch/nn/modules/linear.py"", line 134, in forward
    return F.linear(input, self.weight, self.bias)
           ^^^^^^^^^^^^^^^^^^^^^^^^^^^^^^^^^^^^^^^
RuntimeError: mat1 and mat2 must have the same dtype, but got Double and Float
"
b1975_00016,QGanModel,stock_id,univariate,30,15,"[""coalindia"", ""tcs"", ""hindalco"", ""jswsteel""]",4,data/<stock>_l10y.npy,target itself,target_dict,target_dict,variables_dict,QC,30,30,8,6,2,32,50,32,0.0024064571064767726,0.8,stock_id,univariate,8,10,0.29659477276959106,42,,0,100,,efficiency,,timing,Training Time,
b1975_00016,QGanModel,stock_id,univariate,30,15,"[""coalindia"", ""tcs"", ""hindalco"", ""jswsteel""]",4,data/<stock>_l10y.npy,target itself,target_dict,target_dict,variables_dict,QC,30,30,8,6,2,32,50,32,0.0024064571064767726,0.8,stock_id,univariate,8,10,0.29659477276959106,42,,0,100,,efficiency,,timing,Inference Time,
b1975_00016,QGanModel,stock_id,univariate,30,15,"[""coalindia"", ""tcs"", ""hindalco"", ""jswsteel""]",4,data/<stock>_l10y.npy,target itself,target_dict,target_dict,variables_dict,QC,30,30,8,6,2,32,50,32,0.0024064571064767726,0.8,stock_id,univariate,8,10,0.29659477276959106,42,,0,100,,objective,,ray,MAE,1000000000000.0
